x_center,y_center,nombre
-99.47037506,27.51998329,Lorena
-97.40141296,27.74772453,Carlos
-97.85610962,27.51586914,Karen
-97.69597626,26.19082451,Hector
-97.48908234,25.91402626,Bernardo
-98.23007965,26.20436859,Martin
-98.32529449,26.21590614,Martha
-98.1624527,26.30139732,Edinson
